ticker,sector,quarter,revenue_bn_vnd,net_income_bn_vnd,gross_margin,net_margin,eps_vnd,pe_ratio,pb_ratio,roe,debt_to_equity,total_assets_bn_vnd,total_equity_bn_vnd,book_value_vnd,dividend_yield,shares_outstanding_m,market_cap_bn_vnd
VNM,Consumer Staples,2023-Q1,31214.1,2915.8,0.289,0.0934,779558.0,32.32,,0.3503,0.74,14461.6,8324.3,2225537.0,0.0016,3740.4,429.5
VNM,Consumer Staples,2023-Q2,32946.9,10270.4,0.4925,0.3117,2745833.0,19.25,0.01,0.2455,0.27,52933.1,41842.2,11186648.0,0.0243,3740.4,429.5
VNM,Consumer Staples,2023-Q3,21039.4,3699.7,0.3228,0.1758,989127.0,17.79,,0.273,0.43,19373.1,13550.2,3622697.0,0.0365,3740.4,429.5
VNM,Consumer Staples,2023-Q4,42233.0,7159.9,0.4463,0.1695,1914221.0,25.28,0.02,0.3481,0.14,23485.0,20568.3,5498999.0,0.0,3740.4,429.5
VNM,Consumer Staples,2024-Q1,24155.5,4370.7,0.2663,0.1809,1168518.0,34.31,0.04,0.4021,0.37,14936.6,10869.7,,0.0,3740.4,429.5
VNM,Consumer Staples,2024-Q2,41782.6,6577.9,0.2744,0.1574,1758622.0,23.8,0.02,0.2305,0.55,44107.5,28536.3,7629281.0,0.0028,3740.4,429.5
VNM,Consumer Staples,2024-Q3,33459.3,5906.0,0.4156,0.1765,1578979.0,25.4,0.02,0.3367,0.27,22214.5,17541.9,4689886.0,0.0776,3740.4,429.5
VNM,Consumer Staples,2024-Q4,47291.5,14183.1,0.4438,0.2999,3791899.0,32.9,0.01,0.3495,0.93,78314.5,40584.0,10850272.0,0.0071,3740.4,429.5
FPT,Technology,2023-Q1,17286.7,2033.7,0.2657,0.1176,1111898.0,17.06,0.0,0.2585,0.38,10880.5,7866.2,4300694.0,0.0642,1829.1,36.1
FPT,Technology,2023-Q2,16809.8,1342.0,0.1149,0.0798,733712.0,25.9,0.01,0.1897,0.21,8538.0,7072.7,3866867.0,0.0652,1829.1,36.1
FPT,Technology,2023-Q3,21394.2,1793.0,0.2543,0.0838,980275.0,18.45,,0.1732,1.32,24041.5,10353.6,5660644.0,0.0499,1829.1,36.1
FPT,Technology,2023-Q4,23292.2,1259.6,0.1662,0.0541,688670.0,17.6,0.01,0.215,1.15,12585.1,5857.7,3202572.0,0.0,1829.1,36.1
FPT,Technology,2024-Q1,25014.7,1691.9,0.1944,0.0676,924992.0,24.84,0.01,0.3022,0.93,10804.7,5599.3,3061294.0,0.0617,1829.1,36.1
FPT,Technology,2024-Q2,22456.8,2272.3,0.1988,0.1012,1242354.0,19.7,0.0,0.1551,0.34,19637.8,14652.3,8010858.0,0.0,1829.1,36.1
FPT,Technology,2024-Q3,21492.8,1762.3,0.1629,0.082,963493.0,28.34,0.0,0.1999,0.73,15285.3,8817.6,4820875.0,0.0,1829.1,36.1
FPT,Technology,2024-Q4,18035.9,1773.2,0.2511,0.0983,969457.0,13.39,0.0,0.208,0.41,12019.5,8527.0,4661963.0,0.0744,1829.1,36.1
VCB,Banking,2023-Q1,65033.4,17366.0,0.5178,0.267,3950529.0,15.5,0.0,0.2344,8.18,680081.4,74082.7,,0.0088,4395.9,358.3
VCB,Banking,2023-Q2,69654.8,10441.8,0.3184,0.1499,2375359.0,15.63,0.01,0.2291,5.07,276620.7,45575.4,10367784.0,0.0409,4395.9,358.3
VCB,Banking,2023-Q3,54658.5,6799.8,0.286,0.1244,1546868.0,17.26,0.01,0.1485,10.19,512362.1,45796.1,10417989.0,0.0562,4395.9,358.3
VCB,Banking,2023-Q4,64323.6,15907.8,0.3591,0.2473,3618811.0,17.51,0.0,0.1378,9.97,1266977.4,115468.6,26267550.0,0.0241,4395.9,358.3
VCB,Banking,2024-Q1,74575.0,8145.0,0.2654,0.1092,1852879.0,16.81,0.01,0.1359,6.45,446331.4,59918.7,13630698.0,0.0392,4395.9,358.3
VCB,Banking,2024-Q2,180910.7,39175.1,0.5457,0.2165,8911809.0,13.74,0.0,0.2142,7.38,1531651.0,182853.7,41596747.0,0.0583,4395.9,358.3
VCB,Banking,2024-Q3,144425.2,32687.3,0.4401,0.2263,7435915.0,6.17,,0.2253,8.21,1335925.9,145086.3,33005181.0,0.0,4395.9,358.3
VCB,Banking,2024-Q4,35689.8,3454.0,0.306,0.0968,785727.0,12.68,0.02,0.2016,5.17,105619.9,17129.7,3896786.0,0.041,4395.9,358.3
HPG,Materials/Steel,2023-Q1,19666.7,1670.4,0.2392,0.0849,1492031.0,11.82,0.01,0.0993,2.35,56346.7,16823.0,15026930.0,0.0702,1119.5,92.6
HPG,Materials/Steel,2023-Q2,22695.2,1585.3,0.1239,0.0699,1416030.0,21.34,0.01,0.1744,1.56,23265.9,9090.7,8120176.0,0.0,1119.5,92.6
HPG,Materials/Steel,2023-Q3,19825.9,3043.4,0.2325,0.1535,2718489.0,17.66,0.0,0.1376,1.2,48611.8,22112.2,19751425.0,0.0,1119.5,92.6
HPG,Materials/Steel,2023-Q4,20475.8,2744.1,0.2034,0.134,2451145.0,22.74,0.01,0.2126,1.78,35938.6,12908.7,11530523.0,0.0067,1119.5,92.6
HPG,Materials/Steel,2024-Q1,24220.3,713.5,0.0809,0.0295,637338.0,15.97,0.03,0.1976,1.8,10123.6,3610.5,3225034.0,0.0179,1119.5,92.6
HPG,Materials/Steel,2024-Q2,17138.2,1360.8,0.2011,0.0794,1215533.0,11.51,0.01,0.2069,1.8,18410.9,6577.1,5874878.0,0.0,1119.5,92.6
HPG,Materials/Steel,2024-Q3,28528.6,1700.3,0.1766,0.0596,1518811.0,12.35,0.01,0.1251,0.99,27023.7,13593.6,12142286.0,0.0778,1119.5,92.6
HPG,Materials/Steel,2024-Q4,39621.9,3821.1,0.1468,0.0964,3413126.0,17.62,0.01,0.2151,1.51,44500.4,17762.7,15866304.0,,1119.5,92.6
VIC,Real Estate,2023-Q1,46998.5,4126.5,0.1573,0.0878,3388909.0,13.67,0.0,0.1911,3.86,104999.1,21596.8,17736593.0,0.0732,1217.6,81.2
VIC,Real Estate,2023-Q2,52082.5,4162.9,0.261,0.0799,3418793.0,37.71,0.0,0.1142,3.9,178572.4,36443.6,29929652.0,0.0771,1217.6,81.2
VIC,Real Estate,2023-Q3,46417.8,7893.8,0.2655,0.1701,6482849.0,18.14,0.0,0.0754,2.67,384140.7,104659.0,85952169.0,0.0,1217.6,81.2
VIC,Real Estate,2023-Q4,61227.6,15258.3,0.4308,0.2492,12531056.0,26.24,0.0,0.0646,2.85,908514.3,236283.3,194049866.0,0.0792,1217.6,81.2
VIC,Real Estate,2024-Q1,53860.3,13271.3,0.4132,0.2464,10899148.0,30.3,0.0,0.1554,2.08,262950.0,85415.7,70148452.0,0.0235,1217.6,81.2
VIC,Real Estate,2024-Q2,34229.4,8390.7,0.3928,0.2451,6890916.0,35.75,0.0,0.187,2.53,158583.2,44873.2,36852561.0,0.0,1217.6,81.2
VIC,Real Estate,2024-Q3,105898.7,21218.4,0.345,0.2004,17425824.0,33.47,0.0,0.1835,2.01,348510.7,115631.2,94963205.0,0.03,1217.6,81.2
VIC,Real Estate,2024-Q4,58032.2,5494.3,0.1782,0.0947,4512257.0,9.15,0.0,0.1198,2.63,166330.6,45847.2,37652438.0,0.0229,1217.6,81.2
MWG,Retail,2023-Q1,48085.0,1689.9,0.0691,0.0351,3553666.0,25.4,0.0,0.1588,1.36,25095.2,10638.5,22371519.0,0.0,475.5,8.7
MWG,Retail,2023-Q2,53716.5,1081.8,0.0628,0.0201,2274889.0,20.63,0.0,0.2173,1.38,11865.7,4978.0,10468198.0,0.0581,475.5,8.7
MWG,Retail,2023-Q3,51133.4,3111.2,0.0984,0.0608,6542578.0,15.42,0.0,0.199,0.43,22408.2,15633.2,32874823.0,0.0,475.5,8.7
MWG,Retail,2023-Q4,58144.1,2143.1,0.0538,0.0369,4506649.0,26.72,0.0,0.2453,1.0,17433.1,8737.4,18373833.0,0.0139,475.5,8.7
MWG,Retail,2024-Q1,46565.5,3611.4,0.1324,0.0776,7594399.0,23.2,0.0,0.1704,1.92,61959.4,21195.2,44571179.0,0.0,475.5,8.7
MWG,Retail,2024-Q2,42964.8,3602.0,0.1607,0.0838,7574573.0,22.23,0.0,0.1955,0.72,31706.6,18421.8,38739066.0,0.0285,475.5,8.7
MWG,Retail,2024-Q3,51349.8,1649.4,0.0647,0.0321,3468482.0,19.47,0.0,0.1512,1.04,22230.4,10910.4,22943287.0,0.0319,475.5,8.7
MWG,Retail,2024-Q4,152956.0,12065.5,0.1424,0.0789,25372491.0,10.91,0.0,0.1874,1.36,152176.5,64373.5,135370294.0,0.0,475.5,8.7
MSN,Consumer Staples,2023-Q1,41244.6,11054.9,0.3964,0.268,3255406.0,26.51,0.01,0.297,0.68,62485.1,37216.6,10959396.0,0.0,3395.9,356.3
MSN,Consumer Staples,2023-Q2,42682.9,8064.2,0.3646,0.1889,2374726.0,33.83,0.01,0.2965,0.97,53441.6,27195.8,8008502.0,0.0724,3395.9,356.3
MSN,Consumer Staples,2023-Q3,45687.2,5231.5,0.2678,0.1145,1540560.0,31.9,0.01,0.2058,0.83,46592.1,25418.2,7485059.0,0.0225,3395.9,356.3
MSN,Consumer Staples,2023-Q4,38841.0,6283.3,0.2795,0.1618,1850274.0,27.58,0.02,0.4194,0.76,26393.0,14982.7,4412052.0,0.0643,3395.9,356.3
MSN,Consumer Staples,2024-Q1,35571.3,9694.7,0.4377,0.2725,2854847.0,34.81,0.01,0.3032,0.43,45884.4,31979.3,9417137.0,0.0621,3395.9,356.3
MSN,Consumer Staples,2024-Q2,38278.7,8626.4,0.3352,0.2254,2540258.0,32.17,0.01,0.3072,0.78,49857.2,28076.2,8267764.0,0.0604,3395.9,356.3
MSN,Consumer Staples,2024-Q3,87912.9,19096.2,0.33,0.2172,5623377.0,22.78,0.0,0.2027,0.91,180387.5,94204.8,27741073.0,0.0073,3395.9,356.3
MSN,Consumer Staples,2024-Q4,51307.8,11507.9,0.3298,0.2243,3388804.0,34.01,0.01,0.3434,0.67,55925.9,33515.6,9869550.0,0.0359,3395.9,356.3
TCB,Banking,2023-Q1,24870.4,4074.5,0.4869,0.1638,1177312.0,11.43,0.0,0.1086,10.5,431149.1,37506.6,10837436.0,0.0,3460.8,171.3
TCB,Banking,2023-Q2,26943.8,6750.5,0.3825,0.2505,1950552.0,9.56,0.0,0.1176,6.43,426641.2,57422.1,16591960.0,0.0,3460.8,171.3
TCB,Banking,2023-Q3,28960.9,2708.8,0.2803,0.0935,782697.0,14.11,0.01,0.1109,13.22,347250.8,24422.3,7056759.0,0.0565,3460.8,171.3
TCB,Banking,2023-Q4,36714.0,3364.2,0.2744,0.0916,972085.0,17.83,0.01,0.1561,8.71,209135.9,21546.1,6225702.0,0.065,3460.8,171.3
TCB,Banking,2024-Q1,22647.3,3805.1,0.2751,0.168,1099481.0,12.26,0.01,0.1636,14.06,350287.2,23254.0,6719175.0,0.0089,3460.8,171.3
TCB,Banking,2024-Q2,47636.3,5770.8,0.3978,0.1211,1667455.0,11.09,0.0,0.1084,6.19,382509.9,53213.7,15375977.0,0.0,3460.8,171.3
TCB,Banking,2024-Q3,34452.2,8706.3,0.4738,0.2527,2515667.0,17.51,0.0,0.1562,7.86,493583.6,55727.3,16102268.0,0.0695,3460.8,171.3
TCB,Banking,2024-Q4,19215.9,4175.4,0.3171,0.2173,1206479.0,5.16,0.01,0.2455,5.43,109395.7,17009.1,4914737.0,0.0,3460.8,171.3
VHM,Real Estate,2023-Q1,71509.2,16051.5,0.4408,0.2245,3231674.0,28.14,0.0,0.1544,2.36,349769.6,103986.0,20935641.0,0.0,4966.9,349.7
VHM,Real Estate,2023-Q2,69232.3,12499.3,0.3383,0.1805,2516508.0,36.84,0.0,0.0568,1.84,625415.7,219993.0,44291499.0,0.076,4966.9,349.7
VHM,Real Estate,2023-Q3,74562.4,10296.8,0.336,0.1381,2073069.0,14.02,0.0,0.1196,2.06,263551.1,86126.2,17339911.0,0.0467,4966.9,349.7
VHM,Real Estate,2023-Q4,97298.0,11631.9,0.1733,0.1195,2341866.0,39.56,,0.1547,2.61,271264.8,75178.2,15135739.0,0.0248,4966.9,349.7
VHM,Real Estate,2024-Q1,95750.0,12645.4,0.1988,0.1321,2545921.0,34.32,0.01,0.1925,3.18,274442.4,65700.7,13227625.0,0.0491,4966.9,349.7
VHM,Real Estate,2024-Q2,119222.6,22106.1,0.2755,0.1854,4450646.0,35.71,0.0,0.0568,1.08,809413.2,389309.2,78380183.0,0.0,4966.9,349.7
VHM,Real Estate,2024-Q3,144471.7,23216.6,0.4462,0.1607,4674240.0,27.01,0.0,0.1071,3.91,1063977.3,216707.3,43629994.0,0.0674,4966.9,349.7
VHM,Real Estate,2024-Q4,67822.1,13274.2,0.4015,0.1957,2672520.0,21.27,0.0,0.091,1.17,316373.5,145853.0,29364783.0,0.0692,4966.9,349.7
PNJ,Retail/Jewelry,2023-Q1,65406.3,7302.0,0.1745,0.1116,1465028.0,13.71,0.02,0.2176,0.37,45906.6,33559.7,6733235.0,,4984.2,598.0
PNJ,Retail/Jewelry,2023-Q2,69003.4,3798.3,0.1406,0.055,762077.0,20.08,0.04,0.2427,0.67,26065.3,15649.1,3139749.0,0.0091,4984.2,598.0
PNJ,Retail/Jewelry,2023-Q3,72026.2,5753.7,0.1572,0.0799,1154399.0,22.78,,0.2328,0.93,47684.3,24716.9,4959055.0,0.0701,4984.2,598.0
PNJ,Retail/Jewelry,2023-Q4,111277.0,4735.5,0.1203,0.0426,950102.0,10.43,0.03,0.2633,1.01,36089.5,17987.2,3608841.0,0.0563,4984.2,598.0
PNJ,Retail/Jewelry,2024-Q1,64187.3,2301.7,0.0815,0.0359,461800.0,18.85,0.05,0.2088,0.77,19494.0,11021.5,2211299.0,0.0,4984.2,598.0
PNJ,Retail/Jewelry,2024-Q2,66266.1,4960.9,0.1704,0.0749,995336.0,17.71,0.03,0.2675,0.72,31809.4,18542.3,3720215.0,0.0498,4984.2,598.0
PNJ,Retail/Jewelry,2024-Q3,33331.6,2904.3,0.1259,0.0871,582704.0,17.39,0.04,0.1993,1.02,29484.5,14571.6,2923564.0,0.0,4984.2,598.0
PNJ,Retail/Jewelry,2024-Q4,78043.3,2681.6,0.104,0.0344,538026.0,11.93,0.04,0.1692,0.4,22147.4,15848.2,3179692.0,0.0111,4984.2,598.0
REE,Industrials,2023-Q1,51988.2,3838.5,0.2001,0.0738,1994427.0,10.69,0.0,0.1049,0.55,56840.5,36591.0,19011880.0,0.0223,1924.6,65.6
REE,Industrials,2023-Q2,57520.4,2442.1,0.1266,0.0425,1268845.0,9.69,0.0,0.1553,0.61,25310.2,15725.5,8170627.0,0.0,1924.6,65.6
REE,Industrials,2023-Q3,55647.8,3576.4,0.2036,0.0643,1858229.0,19.19,0.0,0.1753,0.42,29016.3,20396.1,10597373.0,0.0699,1924.6,65.6
REE,Industrials,2023-Q4,31632.5,2443.8,0.2381,0.0773,1269763.0,11.88,0.01,0.1967,1.42,30089.4,12421.4,6453881.0,0.0148,1924.6,65.6
REE,Industrials,2024-Q1,49180.9,4647.9,0.1727,0.0945,2414974.0,13.16,0.0,0.1555,1.42,72368.7,29889.5,15529965.0,0.0,1924.6,65.6
REE,Industrials,2024-Q2,36510.3,1544.5,0.1055,0.0423,802502.0,17.99,0.01,0.2074,1.07,15395.1,7446.2,3868883.0,,1924.6,65.6
REE,Industrials,2024-Q3,58466.9,4175.4,0.1799,0.0714,2169461.0,11.77,0.0,0.1453,0.33,38229.5,28741.7,14933573.0,0.0258,1924.6,65.6
REE,Industrials,2024-Q4,37267.6,2115.7,0.1317,0.0568,1099261.0,9.68,0.01,0.2069,1.19,22402.0,10227.4,5313951.0,0.0543,1924.6,65.6
VRE,Real Estate,2023-Q1,63555.4,11224.0,0.3736,0.1766,15841380.0,12.08,0.0,0.0926,2.09,374582.7,121253.7,171135338.0,0.0517,708.5,47.7
VRE,Real Estate,2023-Q2,70620.3,10037.0,0.3212,0.1421,14166035.0,39.57,0.0,0.1409,1.71,193212.5,71252.0,100563744.0,0.0081,708.5,47.7
VRE,Real Estate,2023-Q3,62713.0,4656.6,0.1982,0.0743,6572258.0,17.12,0.0,0.076,3.69,287357.2,61266.3,86470204.0,0.0064,708.5,47.7
VRE,Real Estate,2023-Q4,59803.2,8531.6,0.3074,0.1427,12041316.0,39.44,0.0,0.0668,2.19,407841.1,127707.1,180243475.0,0.0776,708.5,47.7
VRE,Real Estate,2024-Q1,76953.9,6445.1,0.2274,0.0838,9096553.0,29.4,0.0,0.1894,2.67,124892.9,34028.1,48026639.0,0.0,708.5,47.7
VRE,Real Estate,2024-Q2,81845.7,10840.4,0.3215,0.1324,15299881.0,32.62,0.0,0.0781,1.97,412612.3,138878.2,196010176.0,0.034,708.5,47.7
VRE,Real Estate,2024-Q3,33730.1,3386.1,0.1845,0.1004,4779042.0,17.24,0.0,0.1372,1.46,60794.9,24682.4,34836290.0,0.0385,708.5,47.7
VRE,Real Estate,2024-Q4,80231.6,7971.4,0.3098,0.0994,11250655.0,18.77,0.0,0.0702,1.19,248827.8,113613.5,160352074.0,0.0792,708.5,47.7
ACB,Banking,2023-Q1,27143.6,5685.8,0.4287,0.2095,3798621.0,10.35,0.0,0.1523,14.3,570906.0,37325.6,24936751.0,0.0664,1496.8,149.7
ACB,Banking,2023-Q2,29633.5,5591.1,0.5395,0.1887,3735366.0,14.5,0.01,0.2408,6.81,181431.4,23223.7,15515470.0,0.0053,1496.8,149.7
ACB,Banking,2023-Q3,31021.2,5548.5,0.5025,0.1789,3706878.0,15.34,0.0,0.1302,6.64,325323.1,42600.7,28461002.0,,1496.8,149.7
ACB,Banking,2023-Q4,41976.3,11747.2,0.4944,0.2799,7848162.0,11.8,0.0,0.1538,13.77,1128102.9,76367.6,51020213.0,0.0314,1496.8,149.7
ACB,Banking,2024-Q1,28244.6,4974.5,0.3631,0.1761,3323392.0,8.92,0.01,0.2121,10.03,258576.2,23448.9,15665926.0,0.0186,1496.8,149.7
ACB,Banking,2024-Q2,50920.6,12006.7,0.5199,0.2358,8021490.0,12.07,0.0,0.236,11.24,622916.2,50882.0,33993570.0,0.0094,1496.8,149.7
ACB,Banking,2024-Q3,34987.4,4361.7,0.3505,0.1247,2914019.0,15.32,0.01,0.193,10.33,256143.9,22598.4,15097689.0,0.0715,1496.8,149.7
ACB,Banking,2024-Q4,45183.8,7929.5,0.4866,0.1755,5297599.0,9.05,0.0,0.1373,12.44,776321.6,57764.3,,0.0027,1496.8,149.7
BID,Banking,2023-Q1,46451.4,8400.2,0.2832,0.1808,1900164.0,6.66,0.01,0.1596,12.97,735471.8,52635.4,11906307.0,0.0,4420.8,420.2
BID,Banking,2023-Q2,45949.7,5309.1,0.295,0.1155,1200940.0,14.39,0.02,0.208,11.41,316789.4,25523.9,5773598.0,0.0555,4420.8,420.2
BID,Banking,2023-Q3,37577.4,4952.9,0.3537,0.1318,1120366.0,16.81,0.02,0.1875,9.01,264367.8,26414.3,,0.037,4420.8,420.2
BID,Banking,2023-Q4,54154.8,10453.1,0.5342,0.193,2364528.0,12.62,0.01,0.1759,11.11,719991.9,59432.0,13443733.0,0.0014,4420.8,420.2
BID,Banking,2024-Q1,87812.9,26962.1,0.5267,0.307,6098918.0,6.98,0.0,0.1864,11.07,1745064.8,144612.8,32711927.0,0.0,4420.8,420.2
BID,Banking,2024-Q2,67379.0,15113.0,0.3772,0.2243,3418609.0,17.15,0.01,0.2388,9.51,664948.6,63277.9,14313670.0,0.0,4420.8,420.2
BID,Banking,2024-Q3,163297.1,19433.7,0.3697,0.119,4395978.0,9.36,0.0,0.2204,5.05,533065.5,88163.6,19942920.0,0.0267,4420.8,420.2
BID,Banking,2024-Q4,75530.9,14369.9,0.3695,0.1903,3250516.0,16.96,0.0,0.152,8.47,895520.3,94568.6,21391744.0,0.059,4420.8,420.2
CTG,Banking,2023-Q1,37273.0,6962.6,0.3995,0.1868,2869426.0,16.89,0.0,0.1544,10.81,532519.4,45106.3,18589290.0,0.0506,2426.5,93.6
CTG,Banking,2023-Q2,37578.0,5395.3,0.2539,0.1436,2223503.0,7.31,0.0,0.2442,6.49,165433.1,22097.2,9106723.0,0.0332,2426.5,93.6
CTG,Banking,2023-Q3,56929.7,9226.6,0.2701,0.1621,3802473.0,7.73,0.0,0.2347,7.05,316507.1,39310.8,16200858.0,0.0153,2426.5,93.6
CTG,Banking,2023-Q4,41293.8,5267.7,0.261,0.1276,2170940.0,12.34,0.0,0.1099,12.76,659578.3,47950.9,19761634.0,0.0,2426.5,93.6
CTG,Banking,2024-Q1,63193.0,11118.3,0.3822,0.1759,4582093.0,12.28,0.0,0.1233,6.82,705165.4,90182.9,37166359.0,0.0689,2426.5,93.6
CTG,Banking,2024-Q2,13588.6,3259.4,0.5338,0.2399,1343278.0,8.52,0.01,0.1966,9.09,167237.4,16578.9,6832546.0,0.002,2426.5,93.6
CTG,Banking,2024-Q3,55569.3,7732.8,0.4477,0.1392,3186839.0,7.89,0.0,0.1347,11.72,730368.8,57423.8,23665602.0,0.0016,2426.5,93.6
CTG,Banking,2024-Q4,29724.0,5182.5,0.2812,0.1744,2135834.0,7.32,0.0,0.1979,7.38,219486.8,26186.0,10791843.0,0.008,2426.5,93.6
GAS,Energy,2023-Q1,20967.4,1871.1,0.2336,0.0892,432956.0,11.52,,0.2345,0.32,10551.7,7981.0,1846686.0,0.0068,4321.8,392.6
GAS,Energy,2023-Q2,23541.1,1035.2,0.1416,0.044,239540.0,10.18,0.07,0.1875,1.02,11135.8,5522.6,1277844.0,0.0714,4321.8,392.6
GAS,Energy,2023-Q3,20474.8,1405.2,0.1519,0.0686,325156.0,15.08,0.04,0.1402,1.36,23663.6,10022.5,2319070.0,0.0328,4321.8,392.6
GAS,Energy,2023-Q4,28980.6,2893.1,0.2104,0.0998,669426.0,11.53,,0.2423,1.6,31026.2,11941.8,2763162.0,0.0112,4321.8,392.6
GAS,Energy,2024-Q1,23324.3,4033.0,0.2789,0.1729,933174.0,13.1,0.01,0.1034,0.76,68539.2,39014.7,9027479.0,0.0433,4321.8,392.6
GAS,Energy,2024-Q2,36666.3,3351.1,0.2267,0.0914,775391.0,9.67,,0.2252,1.97,44238.8,14877.8,3442516.0,0.0421,4321.8,392.6
GAS,Energy,2024-Q3,19362.9,1336.4,0.1037,0.069,309234.0,9.41,0.05,0.1865,0.77,12655.7,7166.8,1658292.0,0.0,4321.8,392.6
GAS,Energy,2024-Q4,16666.4,1969.8,0.2108,0.1182,455777.0,17.96,0.03,0.131,0.32,19833.9,15040.6,3480194.0,0.0,4321.8,392.6
SAB,Consumer Staples,2023-Q1,12677.1,1953.3,0.4163,0.1541,443188.0,33.29,0.08,0.3047,0.44,9262.2,6410.6,1454541.0,0.0415,4407.3,482.6
SAB,Consumer Staples,2023-Q2,14650.1,1405.4,0.2617,0.0959,318884.0,29.76,0.08,0.2207,0.64,10461.6,6368.0,1444878.0,,4407.3,482.6
SAB,Consumer Staples,2023-Q3,12201.9,1738.6,0.3222,0.1425,394486.0,29.38,0.08,0.2743,0.61,10204.0,6338.8,1438260.0,0.0381,4407.3,482.6
SAB,Consumer Staples,2023-Q4,9790.2,2747.4,0.4159,0.2806,623388.0,29.65,0.04,0.2537,0.13,12214.7,10828.0,2456846.0,0.021,4407.3,482.6
SAB,Consumer Staples,2024-Q1,11882.5,2394.8,0.3741,0.2015,543367.0,21.68,0.08,0.3927,0.2,7292.6,6097.8,1383571.0,0.0,4407.3,482.6
SAB,Consumer Staples,2024-Q2,15405.9,2448.4,0.2688,0.1589,555532.0,24.91,0.07,0.3721,0.49,9812.9,6579.9,1492963.0,0.0197,4407.3,482.6
SAB,Consumer Staples,2024-Q3,19022.6,3295.2,0.4237,0.1732,747660.0,26.8,0.04,0.2902,0.18,13424.1,11353.1,2575976.0,0.0,4407.3,482.6
SAB,Consumer Staples,2024-Q4,20706.4,3520.7,0.4793,0.17,798845.0,34.0,0.04,0.3115,0.27,14315.9,11302.5,,0.0434,4407.3,482.6
VJC,Airlines,2023-Q1,70089.8,3696.8,0.1319,0.0527,903680.0,29.58,0.01,0.0942,4.96,233667.6,39226.8,9588938.0,0.0755,4090.8,375.9
VJC,Airlines,2023-Q2,78148.5,1580.3,0.0347,0.0202,386298.0,47.01,0.02,0.0861,3.49,82355.1,18350.8,4485840.0,0.0732,4090.8,375.9
VJC,Airlines,2023-Q3,79606.8,7905.1,0.1465,0.0993,1932400.0,28.97,0.01,0.2224,4.46,193921.6,35543.3,8688518.0,0.0,4090.8,375.9
VJC,Airlines,2023-Q4,72845.6,3141.9,0.0683,0.0431,768034.0,11.48,0.02,0.1693,2.31,61352.1,18563.2,4537760.0,0.0,4090.8,375.9
VJC,Airlines,2024-Q1,56276.0,2146.9,0.117,0.0381,524808.0,22.61,0.03,0.1579,4.27,71621.3,13596.7,3323707.0,0.0255,4090.8,375.9
VJC,Airlines,2024-Q2,130417.5,8970.3,0.1051,0.0688,2192767.0,34.63,0.0,0.0966,1.59,240100.1,92867.6,22701361.0,0.0696,4090.8,375.9
VJC,Airlines,2024-Q3,115665.7,10177.9,0.1259,0.088,2487965.0,24.03,0.01,0.2034,2.91,195452.7,50029.4,12229619.0,0.0384,4090.8,375.9
VJC,Airlines,2024-Q4,88429.4,6047.7,0.1053,0.0684,1478343.0,49.36,0.01,0.2037,2.96,117659.7,29695.7,7259069.0,0.0337,4090.8,375.9
PLX,Energy,2023-Q1,59531.4,3730.3,0.1593,0.0627,4553385.0,8.51,0.0,0.1027,1.98,108227.6,36328.6,44344920.0,0.0342,819.2,32.8
PLX,Energy,2023-Q2,56942.3,5759.3,0.1769,0.1011,7030099.0,10.62,0.0,0.2425,1.64,62623.9,23750.1,28990793.0,0.0,819.2,32.8
PLX,Energy,2023-Q3,61541.5,11507.0,0.2758,0.187,14046091.0,13.61,0.0,0.192,0.58,94924.1,59928.4,73152264.0,0.0793,819.2,32.8
PLX,Energy,2023-Q4,53322.9,5283.3,0.1463,0.0991,6449166.0,15.8,,0.1912,1.17,60018.4,27638.2,33736912.0,0.0185,819.2,32.8
PLX,Energy,2024-Q1,56862.2,4776.3,0.1373,0.084,5830206.0,12.2,0.0,0.1087,1.95,129539.9,43949.5,53647397.0,0.0,819.2,32.8
PLX,Energy,2024-Q2,54386.9,10101.4,0.2768,0.1857,12330359.0,19.94,0.0,0.1261,0.97,158118.0,80116.1,97794569.0,,819.2,32.8
PLX,Energy,2024-Q3,47601.1,4882.7,0.2632,0.1026,5960169.0,10.69,0.0,0.1805,1.31,62418.1,27044.3,33011881.0,0.0,819.2,32.8
PLX,Energy,2024-Q4,94173.5,6847.4,0.216,0.0727,8358328.0,18.53,0.0,0.1398,0.52,74436.6,48965.8,59770651.0,0.0711,819.2,32.8
POW,Utilities,2023-Q1,76540.8,3855.3,0.1087,0.0504,939229.0,11.73,0.01,0.106,1.95,107203.1,36379.0,8862714.0,0.0,4104.7,433.1
POW,Utilities,2023-Q2,91146.1,4532.3,0.1496,0.0497,1104166.0,10.2,0.01,0.1483,0.65,50487.1,30556.4,7444191.0,0.0681,4104.7,433.1
POW,Utilities,2023-Q3,43230.7,4336.1,0.1592,0.1003,1056366.0,11.48,0.01,0.1478,1.63,77199.9,29337.3,7147191.0,0.0214,4104.7,433.1
POW,Utilities,2023-Q4,67799.3,7883.8,0.1879,0.1163,1920668.0,14.58,0.01,0.1651,2.23,154496.4,47763.9,11636310.0,0.0,4104.7,433.1
POW,Utilities,2024-Q1,110296.7,10710.3,0.1697,0.0971,2609273.0,14.19,0.01,0.1553,0.82,125347.8,68978.1,16804565.0,0.0705,4104.7,433.1
POW,Utilities,2024-Q2,107644.7,6280.5,0.1872,0.0583,1530077.0,16.26,0.01,0.0929,1.17,146740.5,67614.9,16472460.0,0.0595,4104.7,433.1
POW,Utilities,2024-Q3,108263.9,9977.0,0.1832,0.0922,2430602.0,8.06,0.0,0.1087,1.73,250916.0,91781.1,22359855.0,0.0,4104.7,433.1
POW,Utilities,2024-Q4,75758.2,8295.9,0.1981,0.1095,2021065.0,10.6,,0.1434,1.58,149254.8,57851.4,14093844.0,0.0,4104.7,433.1
SSI,Financial Services,2023-Q1,62827.9,8181.8,0.2355,0.1302,2110432.0,19.18,0.0,0.1103,4.75,426630.2,74210.6,19142070.0,0.055,3876.8,101.7
SSI,Financial Services,2023-Q2,64953.8,4558.9,0.167,0.0702,1175942.0,16.5,0.0,0.1067,3.33,184889.1,42712.6,11017392.0,0.0277,3876.8,101.7
SSI,Financial Services,2023-Q3,61775.6,15667.4,0.3679,0.2536,4041284.0,19.63,0.0,0.175,1.52,225686.0,89545.7,23097647.0,0.0607,3876.8,101.7
SSI,Financial Services,2023-Q4,70718.6,3410.5,0.1561,0.0482,879704.0,11.88,0.0,0.1489,4.08,116419.5,22909.9,5909434.0,0.0547,3876.8,101.7
SSI,Financial Services,2024-Q1,40118.8,7536.4,0.3993,0.1879,1943948.0,13.42,0.0,0.1164,4.18,335439.9,64766.3,16705982.0,0.0,3876.8,101.7
SSI,Financial Services,2024-Q2,62040.5,7791.5,0.3234,0.1256,2009750.0,8.99,0.0,0.168,3.62,214110.8,46364.0,11959241.0,0.0219,3876.8,101.7
SSI,Financial Services,2024-Q3,100822.0,14275.6,0.2549,0.1416,3682276.0,12.77,0.0,0.1274,4.94,665024.7,112034.1,28898383.0,0.0327,3876.8,101.7
SSI,Financial Services,2024-Q4,73199.0,10717.4,0.3735,0.1464,2764482.0,10.56,0.0,0.1031,3.61,478809.0,103938.3,26810109.0,0.0295,3876.8,101.7
HDB,Banking,2023-Q1,69419.9,20397.6,0.483,0.2938,4205253.0,15.98,0.0,0.2142,11.26,1167945.5,95247.6,19636620.0,0.0105,4850.5,313.8
HDB,Banking,2023-Q2,70224.9,12191.5,0.2598,0.1736,2513445.0,13.02,0.01,0.2195,9.82,600753.2,55547.0,11451787.0,0.0094,4850.5,313.8
HDB,Banking,2023-Q3,78000.0,11242.5,0.3791,0.1441,2317795.0,11.39,0.0,0.1096,10.82,1212089.1,102548.1,21141717.0,0.0215,4850.5,313.8
HDB,Banking,2023-Q4,63241.8,13124.0,0.4893,0.2075,2705687.0,10.92,0.0,0.1017,5.72,867397.0,128991.2,26593322.0,0.0,4850.5,313.8
HDB,Banking,2024-Q1,67718.5,12133.0,0.43,0.1792,2501392.0,14.03,0.01,0.229,12.8,731022.8,52978.4,10922233.0,0.0,4850.5,313.8
HDB,Banking,2024-Q2,28362.8,3656.0,0.2619,0.1289,753732.0,6.36,0.01,0.1363,14.87,425570.5,26821.7,5529674.0,0.0114,4850.5,313.8
HDB,Banking,2024-Q3,231343.4,55837.7,0.4607,0.2414,11511716.0,5.13,0.0,0.149,10.18,4189485.3,374827.0,77275811.0,0.007,4850.5,313.8
HDB,Banking,2024-Q4,84334.1,9384.2,0.3552,0.1113,1934677.0,6.02,0.01,0.1595,6.33,430988.7,58820.7,12126711.0,0.0454,4850.5,313.8
TPB,Banking,2023-Q1,55778.3,9761.9,0.2595,0.175,7868016.0,5.68,0.0,0.1812,12.09,705259.6,53875.2,43423053.0,0.0,1240.7,122.9
TPB,Banking,2023-Q2,61577.6,18438.2,0.5113,0.2994,14861013.0,15.42,0.0,0.1509,13.15,1728543.9,122173.7,98471086.0,0.0,1240.7,122.9
TPB,Banking,2023-Q3,71904.5,15459.4,0.3857,0.215,12460146.0,11.84,0.0,0.2097,5.82,502415.2,73707.9,59408024.0,0.0048,1240.7,122.9
TPB,Banking,2023-Q4,63800.0,7523.6,0.3241,0.1179,6063962.0,16.33,0.0,0.1329,14.76,892232.5,56618.6,45634155.0,0.0,1240.7,122.9
TPB,Banking,2024-Q1,44950.4,12332.8,0.4869,0.2744,9940181.0,11.48,0.0,0.1833,12.19,887567.2,67280.6,54227690.0,0.0,1240.7,122.9
TPB,Banking,2024-Q2,52419.6,11663.8,0.3185,0.2225,9400941.0,17.67,0.0,0.1975,7.0,472070.9,59042.6,47587928.0,0.0544,1240.7,122.9
TPB,Banking,2024-Q3,59002.5,17796.8,0.5105,0.3016,14344051.0,14.66,0.0,0.1638,8.46,1027601.0,108633.4,87557687.0,0.0,1240.7,122.9
TPB,Banking,2024-Q4,25963.4,6520.3,0.3613,0.2511,5255297.0,5.52,0.0,0.2301,10.79,334063.7,28342.3,22843683.0,0.0351,1240.7,122.9
MBB,Banking,2023-Q1,58570.1,10473.9,0.333,0.1788,2377685.0,16.86,0.0,0.1316,11.23,973352.2,79589.4,18067610.0,0.0505,4405.1,291.2
MBB,Banking,2023-Q2,64467.7,10683.0,0.4699,0.1657,2425157.0,14.31,0.01,0.2364,6.8,352409.9,45199.1,10260658.0,0.019,4405.1,291.2
MBB,Banking,2023-Q3,61890.6,13006.9,0.3242,0.2102,2952690.0,10.79,0.0,0.1772,8.59,704008.3,73392.8,16660914.0,0.0,4405.1,291.2
MBB,Banking,2023-Q4,83131.2,12997.8,0.4279,0.1564,2950644.0,10.08,0.01,0.2454,7.58,454496.7,52963.4,12023233.0,0.0525,4405.1,291.2
MBB,Banking,2024-Q1,91707.0,18248.9,0.2893,0.199,4142692.0,10.9,0.0,0.1354,5.73,907674.1,134770.4,30594244.0,0.0136,4405.1,291.2
MBB,Banking,2024-Q2,51171.6,9031.8,0.4059,0.1765,2050307.0,15.78,0.01,0.1646,7.49,465605.3,54860.1,12453795.0,0.0494,4405.1,291.2
MBB,Banking,2024-Q3,46691.9,4411.9,0.3003,0.0945,1001555.0,14.57,0.01,0.1996,9.75,237570.4,22107.2,5018550.0,0.0675,4405.1,291.2
MBB,Banking,2024-Q4,95072.7,24969.7,0.4917,0.2626,5668376.0,16.29,0.0,0.1309,6.12,1358262.4,190788.7,43310979.0,0.0216,4405.1,291.2
STB,Banking,2023-Q1,6452.8,1119.0,0.3448,0.1734,237992.0,5.54,0.04,0.1223,14.87,145234.8,9153.7,1946741.0,0.0,4702.0,332.8
STB,Banking,2023-Q2,6604.7,1076.1,0.5395,0.1629,228854.0,17.37,0.06,0.1959,13.68,80646.1,5493.9,1168408.0,0.0,4702.0,332.8
STB,Banking,2023-Q3,7948.2,1786.8,0.3967,0.2248,379998.0,6.82,0.02,0.1045,8.08,155246.0,17098.9,3636480.0,0.0564,4702.0,332.8
STB,Banking,2023-Q4,3282.8,580.5,0.3106,0.1768,123451.0,17.61,0.07,0.1141,11.73,64750.7,5088.1,1082094.0,0.0355,4702.0,332.8
STB,Banking,2024-Q1,6841.9,1989.7,0.4578,0.2908,423150.0,17.28,0.03,0.2025,9.97,107810.1,9826.2,2089761.0,0.0,4702.0,332.8
STB,Banking,2024-Q2,8133.9,2293.1,0.4354,0.2819,487680.0,12.42,0.02,0.1046,14.31,335757.3,21931.3,4664207.0,0.0552,4702.0,332.8
STB,Banking,2024-Q3,4562.6,934.5,0.4477,0.2048,198753.0,13.47,0.04,0.116,11.58,101346.9,8057.2,1713549.0,0.08,4702.0,332.8
STB,Banking,2024-Q4,11310.2,2066.5,0.2645,0.1827,439488.0,10.29,0.04,0.2306,12.82,123873.8,8960.9,1905739.0,0.0454,4702.0,332.8
NVL,Real Estate,2023-Q1,59599.0,14145.3,0.3924,0.2373,6431241.0,33.53,0.0,0.1153,3.45,546187.8,122642.3,55760194.0,0.0,2199.5,235.9
NVL,Real Estate,2023-Q2,55533.9,5350.3,0.1861,0.0963,2432538.0,8.18,0.0,0.0987,2.1,168030.2,54214.1,24648808.0,0.0317,2199.5,235.9
NVL,Real Estate,2023-Q3,54833.5,6164.7,0.2846,0.1124,2802809.0,19.94,0.0,0.0841,1.22,162717.8,73309.9,33330887.0,0.0483,2199.5,235.9
NVL,Real Estate,2023-Q4,91640.6,17593.4,0.3505,0.192,7998973.0,22.83,0.0,0.107,3.59,754935.2,164473.9,74779218.0,0.0,2199.5,235.9
NVL,Real Estate,2024-Q1,28291.2,1947.4,0.1577,0.0688,885380.0,20.17,,0.1098,2.74,66325.8,17731.7,8061854.0,0.0427,2199.5,235.9
NVL,Real Estate,2024-Q2,156688.2,31557.3,0.3324,0.2014,14347731.0,34.02,0.0,0.1577,3.87,973732.7,200086.0,90970523.0,0.0015,2199.5,235.9
NVL,Real Estate,2024-Q3,100347.2,15014.1,0.223,0.1496,6826266.0,9.93,0.0,0.1902,2.05,241190.4,78952.8,35896464.0,,2199.5,235.9
NVL,Real Estate,2024-Q4,85266.9,10155.8,0.2958,0.1191,4617419.0,17.12,0.0,0.0961,3.41,465981.8,105686.9,48051313.0,0.0431,2199.5,235.9
VPB,Banking,2023-Q1,26282.0,2805.2,0.2866,0.1067,765210.0,13.85,0.01,0.1272,10.25,248105.8,22050.6,6015056.0,0.0567,3665.9,289.9
VPB,Banking,2023-Q2,23734.1,3527.5,0.2821,0.1486,962246.0,8.34,0.02,0.2444,9.84,156366.7,14431.0,3936547.0,0.0645,3665.9,289.9
VPB,Banking,2023-Q3,25431.3,7614.4,0.4399,0.2994,2077080.0,12.82,0.01,0.2229,13.84,507062.2,34163.9,9319344.0,0.0182,3665.9,289.9
VPB,Banking,2023-Q4,29147.4,4976.3,0.3136,0.1707,1357451.0,10.34,0.01,0.226,14.0,330320.4,22021.0,6006975.0,0.0283,3665.9,289.9
VPB,Banking,2024-Q1,37068.3,7751.8,0.3324,0.2091,2114556.0,10.51,0.01,0.2001,5.96,269403.0,38733.2,,0.0499,3665.9,289.9
VPB,Banking,2024-Q2,23030.6,4747.1,0.3855,0.2061,1294929.0,7.18,0.01,0.2105,13.63,329834.0,22548.2,6150775.0,0.0,3665.9,289.9
VPB,Banking,2024-Q3,28768.0,4118.0,0.2571,0.1431,1123325.0,12.89,0.01,0.182,7.32,188235.1,22625.8,6171962.0,0.0313,3665.9,289.9
VPB,Banking,2024-Q4,30109.9,6432.0,0.4283,0.2136,1754548.0,17.84,0.01,0.1205,11.95,691513.5,53392.8,14564677.0,0.0323,3665.9,289.9
KDH,Real Estate,2023-Q1,35399.6,4691.6,0.3235,0.1325,1319926.0,10.54,0.0,0.0628,3.68,349550.5,74649.2,21001629.0,0.0,3554.4,321.1
KDH,Real Estate,2023-Q2,34948.9,3114.5,0.2076,0.0891,876223.0,15.25,0.01,0.1032,1.21,66611.9,30164.7,8486471.0,0.0,3554.4,321.1
KDH,Real Estate,2023-Q3,33257.8,5105.1,0.3901,0.1535,1436259.0,25.28,0.01,0.182,2.95,110864.4,28048.2,7891021.0,0.0,3554.4,321.1
KDH,Real Estate,2023-Q4,38984.4,5191.5,0.3099,0.1332,1460568.0,18.66,0.01,0.1504,3.98,171957.0,34512.8,9709735.0,0.0,3554.4,321.1
KDH,Real Estate,2024-Q1,49167.4,8823.5,0.3692,0.1795,2482392.0,9.92,0.0,0.1343,3.87,320042.9,65678.4,18477808.0,,3554.4,321.1
KDH,Real Estate,2024-Q2,82968.8,9681.9,0.2026,0.1167,2723870.0,14.43,0.0,0.1304,1.29,170062.4,74262.1,20892718.0,0.036,3554.4,321.1
KDH,Real Estate,2024-Q3,29698.6,6416.0,0.3495,0.216,1805066.0,37.67,0.0,0.0852,2.2,240833.0,75308.6,21187138.0,0.0122,3554.4,321.1
KDH,Real Estate,2024-Q4,82709.0,24841.4,0.4477,0.3003,6988826.0,25.28,0.0,0.1763,2.56,502010.1,140900.3,39640543.0,0.0,3554.4,321.1
DGC,Chemicals,2023-Q1,50639.7,9053.7,0.3064,0.1788,2351755.0,6.43,0.0,0.1746,0.54,79978.3,51865.0,13472235.0,0.0288,3849.8,93.8
DGC,Chemicals,2023-Q2,51541.2,5826.5,0.1675,0.113,1513466.0,12.65,0.0,0.175,0.72,57137.3,33295.3,8648654.0,0.0358,3849.8,93.8
DGC,Chemicals,2023-Q3,57015.4,9495.0,0.3339,0.1665,2466377.0,17.91,0.0,0.2733,0.47,51115.8,34747.5,9025869.0,0.0,3849.8,93.8
DGC,Chemicals,2023-Q4,94105.1,10961.4,0.3361,0.1165,2847297.0,15.81,0.0,0.1885,1.34,136143.7,58147.1,15104047.0,0.0,3849.8,93.8
DGC,Chemicals,2024-Q1,61879.8,8040.6,0.308,0.1299,2088591.0,6.97,0.0,0.1925,0.43,59534.3,41761.4,10847770.0,0.0,3849.8,93.8
DGC,Chemicals,2024-Q2,66415.2,8415.1,0.289,0.1267,2185876.0,17.71,0.0,0.2354,1.27,81129.3,35752.0,9286783.0,0.0106,3849.8,93.8
DGC,Chemicals,2024-Q3,172966.6,19385.5,0.303,0.1121,5035487.0,12.03,0.0,0.1918,0.39,140547.8,101092.7,26259406.0,0.0294,3849.8,93.8
DGC,Chemicals,2024-Q4,52801.1,2681.2,0.1636,0.0508,696465.0,7.62,0.01,0.2934,0.91,17496.9,9139.7,2374091.0,0.0773,3849.8,93.8
GVR,Materials/Rubber,2023-Q1,35734.8,2708.2,0.1961,0.0758,1010940.0,15.44,0.01,0.158,0.48,25405.5,17137.7,6397380.0,0.0049,2678.9,127.9
GVR,Materials/Rubber,2023-Q2,36395.0,3823.9,0.2171,0.1051,1427421.0,8.7,0.01,0.1994,0.37,26261.7,19178.4,7159159.0,0.0,2678.9,127.9
GVR,Materials/Rubber,2023-Q3,34664.4,1726.4,0.1182,0.0498,644436.0,9.21,0.01,0.1631,0.37,14554.9,10587.3,3952156.0,0.0408,2678.9,127.9
GVR,Materials/Rubber,2023-Q4,35427.6,5529.8,0.2495,0.1561,2064225.0,15.38,0.0,0.1168,1.05,97033.7,47364.1,17680663.0,0.0422,2678.9,127.9
GVR,Materials/Rubber,2024-Q1,28677.5,3206.6,0.233,0.1118,1196995.0,10.34,0.0,0.1241,0.8,46419.4,25832.3,9642985.0,0.0662,2678.9,127.9
GVR,Materials/Rubber,2024-Q2,38172.1,4872.6,0.21,0.1276,1818889.0,8.13,0.0,0.1299,0.88,70408.6,37499.0,13998078.0,0.0015,2678.9,127.9
GVR,Materials/Rubber,2024-Q3,62978.4,3903.8,0.1206,0.062,1457253.0,10.58,0.0,0.0815,0.59,76175.6,47926.0,17890400.0,0.0781,2678.9,127.9
GVR,Materials/Rubber,2024-Q4,28107.9,4233.1,0.2202,0.1506,1580166.0,13.85,0.0,0.0932,0.96,88940.3,45434.5,16960336.0,0.0,2678.9,127.9
